stage,count,n_defaults,default_rate,avg_pd,total_exposure,total_ecl,pct_portfolio,ecl_rate
Stage 1,6000,0,0.0,0.08925621994356313,54334625,2234438.617040781,63.1,4.11
Stage 2,1454,0,0.0,0.26278615860009863,15772275,3799749.9801282943,15.3,24.09
Stage 3,2048,2048,1.0,0.5126990225007072,22667775,10200498.75,21.6,45.0
